{
  "configurations": [
    {
      "name": "x64-Release",
      "generator": "Ninja",
      "configurationType": "RelWithDebInfo",
      "inheritEnvironments": [
        "msvc_x64_x64"
      ],
      "buildRoot": "${workspaceRoot}\\build",
      "installRoot": "${env.USERPROFILE}\\CMakeBuilds\\${workspaceHash}\\install\\${name}",
      "cmakeCommandArgs": "-DCMAKE_PREFIX_PATH=C:\\Users\\janhu\\Desktop\\tools\\libtorch",
      "buildCommandArgs": "-v",
      "ctestCommandArgs": ""
    }
  ]
}
